1491176497;SWOI_Development;SWOI Development;2025-11-03
2239190900;centrtelespractik;Центр Телесных Практик;2025-11-04
1944730208;dishiyogasurgut;Центр йоги и психологии «Дыши»;2025-11-03
1890121105;dubaiskyi_dvij;Дубайский Движ / мероприятия;2023-06-10
1729939970;ekb_tantra;💕ТАНТРА ЛЮБВИ💕Екатеринбург;2022-10-19
1782338220;hdodoj;Комментарии;2025-11-04
1414310577;imenologia;БУКВИЦА: Ключ к Счастью;2023-03-29
1360423512;iz_club;✨ 𝗜𝘇𝗺𝗶𝗿𝗼𝗳𝗳 𝗖𝗹𝘂𝗯 ✨;2022-04-05
1232968840;klienti_dlya_expertov;КЛИЕНТЫ ДЛЯ ЭКСПЕРТОВ КАЖДЫЙ ДЕНЬ;2025-03-10
2754501716;krug2Natashi;Женский круг две Наташи;2025-09-21
1711503919;lakhmi12;Корзина мудрости и вдохновения.;2025-06-02
1303344446;magicefirsurgut;Чат doTerra💟Арома💕масла;2025-11-03
1306414142;naturlifegroup;NATURLIFE;2023-03-16
1464294412;potolki_7nebo86;7nebo Натяжные потолки Сургут;2023-04-10
1959290529;pro_obschenie;Поддерживающая группа PRO_общение;2023-10-06
1511517056;schadtliviedushySURGUT;Пространство "Счастливые души" Сургут;2025-11-03
1393043543;sotvorchestvoChat;СотворчествО чат;2023-02-19
1608137566;zhenskoerazvitie;Женский клуб Галины Фёдоровой;2023-02-10